{
    "loss": 0.8930808901786804,
    "top1_accuracy": 0.7364055514335632,
    "top3_accuracy": 0.9290322661399841,
    "top5_accuracy": 0.9686635732650757,
    "precision": 0.8902627229690552,
    "recall": 0.530875563621521,
    "auc": 0.9914335608482361
}