{
    "loss": 0.9780392646789551,
    "top1_accuracy": 0.7188940048217773,
    "top5_accuracy": 0.9622119665145874,
    "precision": 0.8661653995513916,
    "recall": 0.530875563621521,
    "auc": 0.9883257150650024
}