{
    "loss": 0.16902275383472443,
    "top1_accuracy": 0.9410138130187988,
    "top5_accuracy": 0.9981566667556763,
    "precision": 0.9538606405258179,
    "recall": 0.9336405396461487,
    "auc": 0.9988107085227966
}
