{
    "loss": 0.280130535364151,
    "accuracy": 0.942271888256073,
    "auc": 0.9994479417800903
}