{
    "loss": 1.3591747283935547,
    "accuracy": 0.6163873076438904
}