{
    "loss": 2.519592523574829,
    "accuracy": 0.4581005573272705
}