{
    "loss": 1.5187987089157104,
    "top1_accuracy": 0.5951486229896545,
    "top3_accuracy": 0.7902289032936096,
    "top5_accuracy": 0.85753333568573,
    "precision": 0.9254341125488281,
    "recall": 0.30953195691108704,
    "auc": 0.9460775852203369
}