{
    "loss": 1.504434585571289,
    "top1_accuracy": 0.5968568325042725,
    "top5_accuracy": 0.8534335494041443,
    "precision": 0.913415789604187,
    "recall": 0.3279808759689331,
    "auc": 0.9429582953453064
}