{
    "loss": 0.056812018156051636,
    "top1_accuracy": 0.9825760126113892,
    "top5_accuracy": 1.0,
    "precision": 0.9842249751091003,
    "recall": 0.9805261492729187,
    "auc": 0.9999121427536011
}
